subcarrier,csi_db,icap_db,csi_phase_rad,icap_phase_rad
-26,-1.856,-3.804,0.0237,-0.0147
-25,-1.876,-3.738,-0.0210,-0.0442
-24,-2.170,-3.552,-0.0341,-0.0560
-23,-2.513,-3.706,0.0079,0.0294
-22,-2.283,-3.193,0.0850,0.0649
-21,-1.588,-2.297,0.1061,0.1294
-20,-1.088,-1.485,0.0814,0.1252
-19,-0.725,-0.903,0.0476,0.0638
-18,-0.478,-0.240,0.0067,0.0420
-17,-0.556,-0.145,-0.0209,-0.0227
-16,-0.675,-0.359,-0.0173,-0.0138
-15,-0.526,-0.184,-0.0030,-0.0065
-14,-0.128,0.179,0.0149,0.0089
-13,0.365,0.646,0.0283,0.0216
-12,0.666,0.892,0.0175,0.0232
-11,0.870,0.742,0.0136,-0.0222
-10,1.153,1.256,-0.0023,-0.0062
-9,1.367,1.334,-0.0233,-0.0487
-8,1.379,1.571,-0.0325,-0.0209
-7,1.247,1.410,-0.0428,-0.0398
-6,1.060,1.391,-0.0403,-0.0466
-5,0.992,1.561,-0.0396,-0.0273
-4,0.950,1.621,-0.0337,-0.0485
-3,0.853,1.988,-0.0289,-0.0148
-2,0.880,1.928,-0.0284,-0.0057
-1,0.979,2.307,-0.0352,-0.0017
1,1.001,2.357,-0.0265,-0.0114
2,0.888,2.197,-0.0314,-0.0560
3,0.755,2.134,-0.0421,-0.0275
4,0.736,1.651,-0.0398,-0.0607
5,0.757,1.703,-0.0263,-0.0148
6,0.851,1.360,-0.0094,-0.0218
7,1.148,1.436,0.0105,-0.0024
8,1.434,1.689,-0.0061,-0.0254
9,1.495,1.229,-0.0232,-0.0310
10,1.287,1.330,-0.0462,-0.0778
11,0.957,0.776,-0.0606,-0.0707
12,0.612,0.644,-0.0512,-0.0568
13,0.251,0.339,-0.0321,-0.0284
14,0.009,0.081,0.0199,0.0454
15,-0.027,0.213,0.0432,0.0385
16,-0.111,0.122,0.0357,0.0855
17,-0.113,0.310,0.0121,0.0230
18,-0.325,0.085,-0.0348,0.0056
19,-0.832,-0.798,-0.0571,-0.0360
20,-1.292,-1.262,-0.0289,-0.0296
21,-1.524,-1.830,0.0272,0.0211
22,-1.328,-2.081,0.0967,0.0856
23,-0.781,-1.766,0.1189,0.0717
24,-0.455,-1.659,0.0845,0.0717
25,-0.661,-2.462,0.0355,0.0342
26,-1.033,-3.019,0.0023,-0.0003
